City_ID,City,Country,Lat,Lng,Max Temp,Humidity,Cloudiness,Wind Speed,Current Description
0,San Juan,AR,-31.5375,-68.5364,85.51,39,34,18.14,scattered clouds
1,Georgetown,MY,5.4112,100.3354,80.89,84,20,4.61,few clouds
2,Launceston,AU,-41.45,147.1667,51.8,74,40,3,scattered clouds
3,Mataura,NZ,-46.1927,168.8643,56.48,98,100,4.99,overcast clouds
4,Mount Isa,AU,-20.7333,139.5,80.37,74,75,5.75,moderate rain
5,Qostanay,KZ,53.1667,63.5833,20.23,96,99,7.85,overcast clouds
6,Maniitsoq,GL,65.4167,-52.9,2.23,85,98,16.98,overcast clouds
7,Kaitangata,NZ,-46.2817,169.8464,58.42,97,100,8.93,moderate rain
8,Luanda,AO,-8.8368,13.2343,77,83,20,11.5,few clouds
9,Sabha,LY,27.0377,14.4283,50.76,29,7,10.69,clear sky
10,Phangnga,TH,8.4509,98.5298,86.92,82,59,1.7,broken clouds
11,Galesong,ID,-5.3166,119.3661,75.22,81,80,5.35,broken clouds
12,Albany,US,42.6001,-73.9662,44.55,72,96,4,overcast clouds
13,Punta Arenas,CL,-53.15,-70.9167,48.31,87,75,8.05,light rain
14,Atuona,PF,-9.8,-139.0333,77.67,79,88,15.48,light rain
15,Anadyr,RU,64.75,177.4833,4.87,63,0,15.12,clear sky
16,Vanavara,RU,60.34,102.2797,-13.43,100,82,2.73,broken clouds
17,Upernavik,GL,72.7868,-56.1549,-3.96,68,100,6.64,overcast clouds
18,Rikitea,PF,-23.1203,-134.9692,77.22,75,47,5.86,scattered clouds
19,Yellowknife,CA,62.456,-114.3525,-30.71,82,20,2.3,mist
20,Bethel,US,41.3712,-73.414,44.89,82,100,4.61,overcast clouds
21,Puerto Ayora,EC,-0.7393,-90.3518,82.36,73,44,10.42,scattered clouds
22,Nikolskoye,RU,59.7035,30.7861,22.89,99,99,1.34,overcast clouds
23,Vila Velha,BR,-20.3297,-40.2925,80.55,81,75,5.75,broken clouds
24,Ushuaia,AR,-54.8,-68.3,49.62,65,75,29.93,broken clouds
25,Kruisfontein,ZA,-34.0033,24.7314,70.88,95,100,4.61,moderate rain
26,Bluff,NZ,-46.6,168.3333,56.8,81,100,15.66,overcast clouds
27,Bengkulu,ID,-3.8004,102.2655,76.59,88,99,4.68,overcast clouds
28,Burnie,AU,-41.0667,145.9167,53.92,79,4,10.2,clear sky
29,Aleksandrovskoye,RU,44.7142,43.0008,33.94,81,100,5.88,light snow
30,Tabou,CI,4.423,-7.3528,81.48,73,100,9.91,overcast clouds
31,Shimanovsk,RU,52,127.7,-8.68,91,11,7.38,few clouds
32,Hobart,AU,-42.8794,147.3294,53.46,73,75,1.01,broken clouds
33,Busselton,AU,-33.65,115.3333,67.05,48,99,17.58,overcast clouds
34,Eureka,US,40.8021,-124.1637,50.2,69,22,3,few clouds
35,North Bend,US,43.4065,-124.2243,46.08,98,100,2.93,overcast clouds
36,Cape Town,ZA,-33.9258,18.4232,68.11,90,75,1.01,mist
37,Caravelas,BR,-17.7125,-39.2481,85.32,62,96,9.4,overcast clouds
38,Chuy,UY,-33.6971,-53.4616,83.53,50,3,12.21,clear sky
39,Iqaluit,CA,63.7506,-68.5145,8.33,78,100,14.97,light snow
40,Carbonia,IT,39.1672,8.5222,54.99,76,60,17.54,broken clouds
41,Sherlovaya Gora,RU,50.5667,116.25,-25.33,100,50,4.45,scattered clouds
42,Riverton,US,40.5219,-111.9391,28.17,75,0,8.01,light snow
43,Narsaq,GL,60.9167,-46.05,7.02,69,0,5.32,clear sky
44,Saint-Georges,GD,12.0564,-61.7485,83.88,74,20,21.85,few clouds
45,Catamarca,AR,-28.4696,-65.7852,97.05,35,5,1.99,clear sky
46,Cherskiy,RU,68.75,161.3,-9.78,65,65,0.6,broken clouds
47,Aklavik,CA,68.2191,-135.0107,-29.2,75,20,3.44,few clouds
48,Lavrentiya,RU,65.5833,-171,0.25,71,2,21.61,clear sky
49,Mount Gambier,AU,-37.8333,140.7667,57.24,62,88,8.86,overcast clouds
50,Hermanus,ZA,-34.4187,19.2345,67.89,82,40,16.91,scattered clouds
51,Svetlogorsk,BY,52.6333,29.7333,29.3,97,100,11.72,light snow
52,Yantal,RU,56.8471,105.2542,-8.52,100,94,2.46,overcast clouds
53,Deputatskiy,RU,69.3,139.9,-21.53,95,80,5.99,broken clouds
54,Butaritari,KI,3.0707,172.7902,80.78,81,90,16.08,moderate rain
55,Dikson,RU,73.5069,80.5464,-9.36,98,99,11.74,overcast clouds
56,Labuan,MY,5.2767,115.2417,79.16,89,20,3.44,few clouds
57,Tuktoyaktuk,CA,69.4541,-133.0374,-25.6,68,20,10.36,mist
58,Vestmanna,FO,62.1564,-7.1664,38.32,93,75,3.44,broken clouds
59,Puerto Escondido,MX,15.85,-97.0667,83.75,53,0,8.55,clear sky
60,Bathsheba,BB,13.2167,-59.5167,84.81,65,75,19.57,broken clouds
61,Mlonggo,ID,-6.5333,110.7,80.49,88,79,5.99,broken clouds
62,Evensk,RU,61.95,159.2333,20.12,46,95,23.11,overcast clouds
63,Vaini,TO,-21.2,-175.2,73.56,94,20,0,few clouds
64,Surin,TH,14.8818,103.4936,74.23,99,20,1.86,few clouds
65,Bayan,CN,46.0833,127.4,-3.78,98,98,5.82,overcast clouds
66,Tasiilaq,GL,65.6145,-37.6368,15.96,72,100,8.32,overcast clouds
67,Salalah,OM,17.0151,54.0924,73.49,40,0,5.75,clear sky
68,Arraial Do Cabo,BR,-22.9661,-42.0278,84.16,78,40,11.5,scattered clouds
69,Port-Gentil,GA,-0.7193,8.7815,81.25,77,17,8.7,light rain
70,Saint-Philippe,RE,-21.3585,55.7679,80.19,93,100,30.6,moderate rain
71,Fallon,US,39.4735,-118.7774,32.92,46,20,6.91,few clouds
72,Nanortalik,GL,60.1432,-45.2371,7.02,76,5,13.82,clear sky
73,Scarborough,GB,54.2797,-0.4044,51.08,87,100,5.99,overcast clouds
74,Rocha,UY,-34.4833,-54.3333,88.84,30,2,6.96,clear sky
75,Torbay,CA,47.6666,-52.7314,31.48,78,40,5.75,scattered clouds
76,Bredasdorp,ZA,-34.5322,20.0403,72.72,68,37,12.66,scattered clouds
77,Gorom-Gorom,BF,14.4439,-0.2361,77.83,10,7,7.87,clear sky
78,Jamestown,US,42.097,-79.2353,42.53,48,40,12.66,scattered clouds
79,Abu Zabad,SD,12.35,29.25,78.35,17,15,8.59,few clouds
80,Faya,SA,18.3851,42.4509,59.52,71,19,3.33,few clouds
81,Kieta,PG,-6.2167,155.6333,79.92,82,100,8.55,light rain
82,Mar Del Plata,AR,-38.0023,-57.5575,89.62,50,0,11.99,clear sky
83,Kapaa,US,22.0752,-159.319,66.52,94,75,4.61,broken clouds
84,Sorland,NO,67.667,12.6934,28.26,54,100,19.48,overcast clouds
85,Erzurum,TR,40,41.5,13.96,92,100,4.05,overcast clouds
86,Saskylakh,RU,71.9167,114.0833,-29.22,100,50,3,scattered clouds
87,Haines Junction,CA,60.7522,-137.5108,-13.05,77,100,2.3,overcast clouds
88,Havre-Saint-Pierre,CA,50.2334,-63.5986,25.39,86,100,16.11,overcast clouds
89,Mahebourg,MU,-20.4081,57.7,80.26,94,75,27.63,light intensity shower rain
90,Nalut,LY,30.3333,10.85,48.74,39,2,12.41,clear sky
91,Alice Springs,AU,-23.7,133.8833,65.75,88,100,6.91,overcast clouds
92,Norman Wells,CA,65.282,-126.8329,-20.65,98,97,6.35,overcast clouds
93,Luau,AO,-10.7073,22.2247,67.44,95,86,3.6,overcast clouds
94,Tonder,DK,54.9331,8.8667,41.25,86,87,1.99,overcast clouds
95,Saryozek,KZ,44.3583,77.9753,19.11,82,79,4.23,broken clouds
96,Kochevo,RU,59.5994,54.3125,24.26,92,91,7.99,overcast clouds
97,Beloha,MG,-25.1667,45.05,74.32,72,0,21.72,clear sky
98,San Luis,AR,-33.295,-66.3356,71.13,58,99,11.1,light rain
99,Coihaique,CL,-45.5752,-72.0662,66.15,48,75,6.91,broken clouds
100,Khatanga,RU,71.9667,102.5,-38.85,99,56,0.96,broken clouds
101,Garut,ID,-7.2024,107.8878,71.51,89,88,2.24,overcast clouds
102,Mecca,SA,21.4267,39.8261,71.55,65,0,2.55,clear sky
103,Spantov,RO,44.1167,26.7833,40.69,70,100,7.4,overcast clouds
104,Carnarvon,AU,-24.8667,113.6333,78.87,83,86,8.05,overcast clouds
105,Goderich,CA,43.7501,-81.7165,34.03,93,100,10.36,snow
106,Tilichiki,RU,60.4667,166.1,7.2,88,100,12.28,overcast clouds
107,Vanimo,PG,-2.6741,141.3028,77.09,88,100,3,overcast clouds
108,Oktyabrskiy,RU,54.4815,53.471,29.03,93,99,15.52,light snow
109,Port Blair,IN,11.6667,92.75,78.84,73,20,5.75,mist
110,Biak,ID,-0.9131,122.8766,76.17,79,98,5.39,overcast clouds
111,Port Alfred,ZA,-33.5906,26.891,75.47,93,89,21.09,moderate rain
112,Severo-Kurilsk,RU,50.6789,156.125,24.93,86,79,2.64,broken clouds
113,Clyde River,CA,70.4692,-68.5914,-19.97,76,100,4.61,light snow
114,Cidreira,BR,-30.1811,-50.2056,79.29,74,1,14.92,clear sky
115,Muscat,OM,23.6139,58.5922,71.62,60,1,6.26,clear sky
116,Katsuura,JP,35.1333,140.3,37.51,55,66,5.06,broken clouds
117,Zhanaozen,KZ,43.3,52.8,40.21,77,10,9.64,clear sky
118,Sola,VU,-13.8833,167.55,74.07,100,75,0,broken clouds
119,Yarada,IN,17.65,83.2667,71.92,94,20,2.3,mist
120,Praia,CV,14.9215,-23.5087,77.54,65,24,24.16,few clouds
121,Avarua,CK,-21.2078,-159.775,80.65,83,40,14.97,scattered clouds
122,Geraldton,AU,-28.7667,114.6,88.21,16,50,17.27,scattered clouds
123,Saint George,US,37.1041,-113.5841,42.64,23,75,11.99,broken clouds
124,Buchen,DE,49.5239,9.3231,47.25,87,38,5.79,scattered clouds
125,Kodiak,US,57.79,-152.4072,35.11,93,100,4.61,overcast clouds
126,Oyem,GA,1.5995,11.5793,72.63,80,94,4.09,light rain
127,Langarud,IR,37.197,50.1535,44.58,61,0,5.75,clear sky
128,Qiqihar,CN,47.3408,123.9672,-5.26,88,44,6.35,scattered clouds
129,Egersund,NO,58.4513,5.9997,37.13,90,86,11.43,overcast clouds
130,Hamilton,US,39.1834,-84.5333,44.58,93,100,1.99,moderate rain
131,Coquimbo,CL,-29.9533,-71.3436,68.67,70,43,8.72,scattered clouds
132,Tessalit,ML,20.1986,1.0114,69.44,10,2,9.98,clear sky
133,Bonthe,SL,7.5264,-12.505,82.83,68,7,13.27,clear sky
134,Saint-Joseph,RE,-21.3667,55.6167,79.18,90,100,29.8,moderate rain
135,Maragogi,BR,-9.0122,-35.2225,84.38,62,26,10.69,scattered clouds
136,Westport,US,41.1415,-73.3579,46.54,85,100,3,overcast clouds
137,New Norfolk,AU,-42.7826,147.0587,53.1,69,49,3.29,light rain
138,Gallup,US,35.5281,-108.7426,30.04,83,100,3,overcast clouds
139,Padang,ID,-0.9492,100.3543,78.13,87,96,4.16,very heavy rain
140,Taltal,CL,-25.4,-70.4833,71.89,67,4,10.16,clear sky
141,Adrar,MR,20.5022,-10.0711,79.92,15,93,13.98,overcast clouds
142,Cooma,AU,-36.2333,149.1333,46.11,80,92,6.46,overcast clouds
143,Port Hardy,CA,50.6996,-127.4199,42.76,93,100,12.66,mist
144,Luderitz,NA,-26.6481,15.1594,67.59,81,33,3.13,scattered clouds
145,Nipawin,CA,53.3668,-104.0009,-18.36,63,0,5.75,clear sky
146,Alofi,NU,-19.0595,-169.9187,73.29,94,86,5.75,overcast clouds
147,Port Elizabeth,ZA,-33.918,25.5701,74.1,94,75,16.11,moderate rain
148,Tyup,KG,42.7276,78.3648,16.09,78,94,4.79,overcast clouds
149,Meulaboh,ID,4.1363,96.1285,78.15,81,98,3.65,overcast clouds
150,Tromso,NO,69.6496,18.957,10.42,85,0,1.14,clear sky
151,Pevek,RU,69.7008,170.3133,-9.06,78,56,4.36,broken clouds
152,Nioro,GM,13.35,-15.75,100.08,7,30,8.7,scattered clouds
153,Saldanha,ZA,-33.0117,17.9442,66.38,87,99,8.7,overcast clouds
154,Chokurdakh,RU,70.6333,147.9167,-19.08,98,97,7.67,overcast clouds
155,Provideniya,RU,64.3833,-173.3,4.3,67,0,21.39,clear sky
156,Bourail,NC,-21.5667,165.4833,74.25,86,60,2.39,broken clouds
157,Castro,BR,-24.7911,-50.0119,76.17,70,56,3.69,broken clouds
158,Amapa,BR,1,-52,76.01,97,98,4.23,light rain
159,Canto Do Buriti,BR,-8.11,-42.9444,94.71,31,35,5.19,scattered clouds
160,Linhares,BR,-19.3911,-40.0722,79.52,85,99,4.56,overcast clouds
161,Genhe,CN,50.7833,121.5167,-19.52,100,83,2.24,broken clouds
162,Hithadhoo,MV,-0.6,73.0833,82.53,70,33,8.43,scattered clouds
163,Debre Birhan,ET,9.6833,39.5333,52.34,69,64,5.82,broken clouds
164,Constitucion,CL,-35.3333,-72.4167,67.23,65,3,8.39,clear sky
165,Thompson,CA,55.7435,-97.8558,-16.44,58,0,13.8,clear sky
166,Esperance,AU,-33.8667,121.9,60.37,72,0,13.27,clear sky
167,Vanderhoof,CA,54.0166,-124.0198,7.18,93,100,3.94,light snow
168,Vila Franca Do Campo,PT,37.7167,-25.4333,63.19,74,17,11.27,few clouds
169,Banjar,ID,-8.19,114.9675,82.26,91,77,5.39,broken clouds
170,Vardo,NO,70.3705,31.1107,30.18,59,75,16.11,broken clouds
171,Lasa,IT,46.6166,10.7002,42.03,95,100,7.65,overcast clouds
172,Antalaha,MG,-14.9003,50.2788,76.96,79,100,5.59,overcast clouds
173,Pangnirtung,CA,66.1451,-65.7125,3.2,78,100,21.85,light snow
174,Bubaque,GW,11.2833,-15.8333,78.48,83,33,13.78,scattered clouds
175,Clinton,US,42.587,-82.9199,35.1,93,100,1.01,snow
176,Inhambane,MZ,-23.865,35.3833,78.78,83,20,4.61,few clouds
177,Acarau,BR,-2.8856,-40.12,85.6,61,66,14.97,broken clouds
178,Broome,US,42.2506,-75.833,42.46,68,0,3,clear sky
179,Coos Bay,US,43.3665,-124.2179,46.15,98,100,2.64,overcast clouds
180,Broken Hill,AU,-31.95,141.4333,61.65,41,0,19.71,clear sky
181,Faanui,PF,-16.4833,-151.75,80.47,75,23,18.34,few clouds
182,Sitka,US,57.0531,-135.33,33.69,93,100,3.44,mist
183,Pacific Grove,US,36.6177,-121.9166,58.89,30,0,5.01,clear sky
184,Mayumba,GA,-3.432,10.6554,78.12,87,99,6.42,light rain
185,Porto Novo,BJ,6.4965,2.6036,84.02,60,13,8.57,few clouds
186,Yar-Sale,RU,66.8333,70.8333,-6.93,92,99,11.12,overcast clouds
187,Monte Azul,BR,-15.155,-42.8747,81.48,70,76,2.57,light rain
188,Souillac,MU,-20.5167,57.5167,80.37,94,75,27.63,light intensity shower rain
189,Voznesenskoye,RU,54.89,42.7569,6.53,100,73,4.03,broken clouds
190,Vozhega,RU,60.4725,40.2213,14.04,99,98,2.89,overcast clouds
191,Lebu,CL,-37.6167,-73.65,65.62,76,37,9.93,scattered clouds
192,Dukat,RU,62.55,155.55,-17.52,100,100,5.88,overcast clouds
193,Fairbanks,US,64.8378,-147.7164,-21.01,73,0,0,haze
194,Bhum,IN,18.4667,75.6667,73.87,21,2,5.57,clear sky
195,Tiksi,RU,71.6872,128.8694,-4.95,99,100,5.7,overcast clouds
196,Banda Aceh,ID,5.5577,95.3222,78.01,85,20,7.05,few clouds
197,Barrow,US,71.2906,-156.7887,-20.18,69,20,5.75,haze
198,Razdolnoye,RU,43.55,131.9167,7.21,90,80,2.75,broken clouds
199,Katobu,ID,-4.9408,122.5276,75.85,89,84,0.69,broken clouds
200,Senanga,ZM,-16.1167,23.2667,74.95,66,94,2.37,overcast clouds
201,Nador,MA,35.174,-2.9287,57.45,82,0,5.75,clear sky
202,Canton,CN,23.1167,113.25,46.35,84,100,11.23,light rain
203,Airai,TL,-8.9266,125.4092,60.46,87,73,2.17,moderate rain
204,Coruripe,BR,-10.1256,-36.1756,85.95,57,14,13.87,few clouds
205,Angoche,MZ,-16.2325,39.9086,78.26,81,6,5.03,clear sky
206,Tanggul,ID,-8.1645,113.4525,74.14,95,67,1.72,broken clouds
207,Juneau,US,58.3019,-134.4197,26.83,94,100,0,light snow
208,East London,ZA,-33.0153,27.9116,77.94,100,40,6.91,thunderstorm with light rain
209,Mishan,CN,45.55,131.8833,2.95,88,98,11.05,overcast clouds
210,La Ronge,CA,55.1001,-105.2842,-19.95,47,0,4.61,clear sky
211,Tsaratanana,MG,-16.7833,47.65,77.52,73,89,1.68,light rain
212,Lagoa,PT,39.05,-27.9833,58.37,74,0,11.34,clear sky
213,La Jagua Del Pilar,CO,10.5102,-73.071,94.08,35,55,5.1,broken clouds
214,Arlit,NE,18.7369,7.3853,70.68,12,1,11.3,clear sky
215,Aurdal,NO,60.9242,9.4159,7.93,97,33,3.69,scattered clouds
216,Hovd,MN,48.0056,91.6419,-7.35,96,91,2.21,overcast clouds
217,Denpasar,ID,-8.65,115.2167,82.06,83,40,2.3,scattered clouds
218,Winslow,US,35.0242,-110.6974,35.78,30,100,5.99,overcast clouds
219,Biggar,GB,55.6167,-3.5167,49.23,97,100,12.15,overcast clouds
220,Touros,BR,-5.1989,-35.4608,88.7,60,95,13.44,overcast clouds
221,Ostrovnoy,RU,68.0531,39.5131,20.91,86,100,15.26,overcast clouds
222,Yumen,CN,40.2833,97.2,23.92,32,100,9.01,overcast clouds
223,Vavatenina,MG,-17.4667,49.2,74.53,86,98,3.36,overcast clouds
224,Arrecife,ES,28.963,-13.5477,71.67,68,0,10.36,clear sky
225,Yzeure,FR,46.5644,3.355,46.38,96,88,3.11,overcast clouds
226,Yegros,PY,-26.45,-56.4,103.87,18,1,6.55,clear sky
227,Mayo,US,38.8876,-76.5119,50.95,72,0,4,haze
228,Moses Lake,US,47.1301,-119.2781,30.18,54,100,3.44,overcast clouds
229,Torbat-E Jam,IR,35.244,60.6225,42.64,46,0,4.83,clear sky
230,Barpeta,IN,26.3167,91,55.49,62,6,5.84,clear sky
231,Richards Bay,ZA,-28.783,32.0377,78.35,80,3,15.59,clear sky
232,Tyssedal,NO,60.1165,6.562,35.87,97,100,6.71,overcast clouds
233,Urumqi,CN,43.801,87.6005,-1.25,85,55,0,mist
234,Hilo,US,19.7297,-155.09,72.63,77,75,6.91,broken clouds
235,Kavieng,PG,-2.5744,150.7967,77.31,88,100,12.46,moderate rain
236,Quime,BO,-16.9833,-67.2167,56.77,84,92,6.13,overcast clouds
237,Balrampur,IN,27.4333,82.1833,55.6,70,29,5.86,scattered clouds
238,Mandalgovi,MN,45.7625,106.2708,0.43,74,4,9.62,clear sky
239,Chake Chake,TZ,-5.2459,39.7666,79.75,80,100,9.95,overcast clouds
240,Nenjiang,CN,49.1833,125.2167,-18.58,99,75,1.72,broken clouds
241,Pampierstad,ZA,-27.7832,24.6877,76.91,58,69,12.3,broken clouds
242,Kitui,KE,-1.367,38.0106,69.67,64,98,6.71,overcast clouds
243,Rio Grande,BR,-32.035,-52.0986,87.91,64,1,15.1,clear sky
244,Waipawa,NZ,-41.4122,175.5153,66.83,69,98,11.81,overcast clouds
245,Klaksvik,FO,62.2266,-6.589,38.32,75,100,14.99,overcast clouds
246,Illapel,CL,-31.6308,-71.1653,79.74,45,1,9.06,clear sky
247,Longyearbyen,SJ,78.2186,15.6401,17.44,73,20,20.71,few clouds
248,Matara,LK,5.9485,80.5353,73.35,83,6,9.69,clear sky
249,Mugur-Aksy,RU,50.35,90.5,-9.11,87,68,5.3,broken clouds
250,Feijo,BR,-8.1642,-70.3536,87.26,64,72,2.17,light rain
251,Brenham,US,30.1669,-96.3977,71.02,100,100,4.61,mist
252,Kloulklubed,PW,7.0419,134.2556,80.04,79,100,20.27,overcast clouds
253,Prince Rupert,CA,54.3161,-130.3201,42.49,100,100,6.91,light rain
254,Portland,US,45.5234,-122.6762,43.9,93,100,1.01,mist
255,Ilulissat,GL,69.2167,-51.1,1.42,78,40,21.85,scattered clouds
256,High Level,CA,58.5169,-117.136,-25.49,75,40,3.44,scattered clouds
257,Pisco,PE,-13.7,-76.2167,77.05,57,0,8.05,clear sky
258,Kaniama,CD,-7.5667,24.1833,67.64,95,100,2.01,overcast clouds
259,Bambanglipuro,ID,-7.95,110.2833,61.61,87,92,5.93,overcast clouds
260,Yulara,AU,-25.2406,130.9889,66.04,72,100,8.05,overcast clouds
261,Corrente,BR,-3.7367,-43.3394,93.81,36,53,5.53,broken clouds
262,Srednekolymsk,RU,67.45,153.6833,-22.94,98,39,4.27,scattered clouds
263,Sur,OM,22.5667,59.5289,74.14,52,0,17.72,clear sky
264,Florianopolis,BR,-27.6146,-48.5012,87.26,83,20,11.5,few clouds
265,Bereda,ES,43.2686,-7.5406,53.35,90,57,0.69,broken clouds
266,Chumikan,RU,54.7183,135.315,-11.15,85,28,12.57,scattered clouds
267,Los Llanos De Aridane,ES,28.6585,-17.9182,64.15,93,0,3.44,clear sky
268,Avera,US,33.194,-82.5271,63.91,68,100,9.04,overcast clouds
269,Port Macquarie,AU,-31.4333,152.9167,71.49,94,100,10.36,overcast clouds
270,Makakilo City,US,21.3469,-158.0858,74.28,80,0,3.44,clear sky
271,Luangwa,ZM,-15.6167,30.4167,74.89,90,16,1.95,few clouds
272,Bukama,CD,-9.2,25.85,71.1,91,96,2.06,overcast clouds
273,Kismayo,SO,-0.3582,42.5454,79.56,85,98,13.31,overcast clouds
274,Kutum,SD,14.2,24.6667,69.69,19,13,3.31,few clouds
275,Edendale,ZA,-29.6528,30.3147,73.62,92,21,1.1,few clouds
276,Okhotsk,RU,59.3833,143.3,5.54,75,100,17.09,overcast clouds
277,Laguna,US,38.421,-121.4238,58.23,36,0,7,clear sky
278,Bhavani,IN,11.45,77.6833,74.97,54,5,4.36,clear sky
279,Taybad,IR,34.74,60.7756,43.56,48,0,4.41,clear sky
280,Praya,CV,14.9215,-23.5087,77.54,65,24,24.16,few clouds
281,Luce,FR,48.4369,1.4636,48.69,86,61,1.99,broken clouds
282,Madang,PG,-5.2246,145.7966,74.52,89,100,4.54,overcast clouds
283,Kupang,ID,-10.1667,123.5833,78.21,84,56,8.75,broken clouds
284,Qaanaaq,GL,77.484,-69.3632,-19.64,64,39,7.49,scattered clouds
285,Kuching,MY,1.55,110.3333,77.22,94,20,1.14,thunderstorm
286,Millville,US,39.4021,-75.0393,48.33,66,100,0,overcast clouds
287,Batticaloa,LK,7.7102,81.6924,76.42,71,14,5.73,few clouds
288,Muzhi,RU,65.3667,64.6667,-2.52,97,100,5.93,overcast clouds
289,Anchorage,US,61.2181,-149.9003,16.29,88,20,5.99,few clouds
290,Lompoc,US,34.6391,-120.4579,63.41,33,0,12.66,clear sky
291,Casma,CL,-41.0082,-73.1244,77.25,42,88,4.38,overcast clouds
292,Norsup,VU,-16.0667,167.3833,80.13,82,95,2.8,overcast clouds
293,Erzin,TR,36.9559,36.2,50.52,78,100,9.51,overcast clouds
294,Mundra,IN,22.85,69.7333,70.07,85,0,15.84,clear sky
295,Namibe,AO,-15.1961,12.1522,74.57,67,68,11.99,broken clouds
296,Tiznit,MA,29.5833,-9.5,70.84,26,59,1.74,broken clouds
297,Palmas,BR,-10.2128,-48.3603,82.27,78,40,8.05,scattered clouds
298,Kavaratti,IN,10.5669,72.642,80.4,70,6,11.45,clear sky
299,San Cristobal,VE,7.7669,-72.225,84.38,27,1,9.1,clear sky
300,Egvekinot,RU,66.3167,-179.1667,-8.5,80,12,19.1,few clouds
301,Marshall,US,34.3834,-86.3333,56.39,77,0,10,clear sky
302,Rugby,GB,52.3709,-1.2642,50.05,84,100,7.74,overcast clouds
303,Thunder Bay,CA,48.4001,-89.3168,5.56,52,0,14.97,clear sky
304,Sohag,EG,26.557,31.6948,61.39,31,68,6.49,broken clouds
305,Acapulco,MX,16.8634,-99.8901,84.02,65,75,5.75,broken clouds
306,Talara,PE,-4.5772,-81.2719,88.56,48,0,16.11,clear sky
307,Maracacume,BR,-2.0428,-45.9592,83.03,72,99,6.33,overcast clouds
308,Ichinohe,JP,40.2069,141.3017,24.3,84,92,8.61,overcast clouds
309,Mareeba,AU,-17,145.4333,75.43,96,100,3.36,overcast clouds
310,Mandera,KE,3.9366,41.867,88.97,29,96,14.14,overcast clouds
311,Shambu,ET,9.5667,37.1,58.55,47,92,2.66,overcast clouds
312,Komsomolskiy,UZ,40.4272,71.7189,36.32,64,100,2.3,haze
313,Gravdal,NO,68.1214,13.5031,26.49,59,20,11.5,few clouds
314,Palmer,US,42.1584,-72.3287,45.91,69,100,1.01,overcast clouds
315,Rawson,AR,-43.3002,-65.1023,81.84,28,96,13.02,overcast clouds
316,Ahipara,NZ,-35.1667,173.1667,66.96,92,100,10.58,overcast clouds
317,Quatre Cocos,MU,-20.2078,57.7625,80.1,93,100,33.4,heavy intensity rain
318,Nishihara,JP,26.1842,127.7558,69.08,94,75,0,mist
319,Seoul,KR,37.5683,126.9778,24.24,83,20,3.44,few clouds
320,Grand Gaube,MU,-20.0064,57.6608,80.38,81,100,21,light rain
321,Kindu,CD,-2.95,25.95,70.74,90,97,2.64,overcast clouds
322,Gawler,AU,-34.6,138.7333,59.9,87,0,3.47,clear sky
323,Havoysund,NO,70.9963,24.6622,23.23,82,40,11.63,scattered clouds
324,Corbelia,BR,-24.7989,-53.3067,87.15,42,36,7.96,scattered clouds
325,Pitimbu,BR,-7.4706,-34.8086,86.59,63,81,11.43,broken clouds
326,Korampallam,IN,8.7667,78.1,76.57,62,2,9.86,clear sky
327,Zlobin,HR,45.2924,14.6541,40.15,72,0,6.91,clear sky
328,Tres Arroyos,AR,-38.3739,-60.2798,95.2,19,95,15.37,overcast clouds
329,Zile,TR,40.3031,35.8864,36.72,90,99,3.51,overcast clouds
330,Loukhi,RU,66.0764,33.0381,12.18,96,100,6.44,overcast clouds
331,Agustin Codazzi,CO,10.0341,-73.2361,94.98,27,15,4.29,few clouds
332,Les Cayes,HT,18.2,-73.75,83.26,60,3,12.3,clear sky
333,Nogales,MX,31.3086,-110.9422,51.37,40,100,11.5,overcast clouds
334,Victoria,HK,22.2855,114.1577,58.24,93,100,5.99,overcast clouds
335,Guerrero Negro,MX,27.9769,-114.0611,61.66,58,98,11.7,overcast clouds
336,Moussoro,TD,13.6408,16.4901,70.43,11,21,9.35,few clouds
337,Verkhnevilyuysk,RU,63.4453,120.3167,-20.52,98,99,5.41,overcast clouds
338,Pella,RU,59.7775,30.8181,23.05,100,99,1.52,overcast clouds
339,Urucara,BR,-2.5364,-57.76,81.1,87,90,4.85,overcast clouds
340,Nuevo Casas Grandes,MX,30.4167,-107.9167,53.74,41,99,15.99,overcast clouds
341,Freeport,US,40.6576,-73.5832,46.76,82,100,3.44,overcast clouds
342,Comodoro Rivadavia,AR,-45.8667,-67.5,78.66,27,0,9.22,clear sky
343,Fortuna,US,40.5982,-124.1573,50.94,59,0,4,clear sky
344,Hasaki,JP,35.7333,140.8333,27,40,5,2.39,clear sky
345,Lithakia,GR,37.7167,20.8333,51.58,93,100,10.36,moderate rain
346,Jumla,NP,29.2747,82.1838,36.05,94,84,3.85,broken clouds
347,Esso,RU,55.9333,158.7,16.93,95,100,3.76,overcast clouds
348,Groa,NO,62.65,8.7167,30.29,96,100,5.1,light snow
349,Ponta Do Sol,PT,32.6667,-17.1,68,84,100,5.35,overcast clouds
350,Naze,JP,28.3667,129.4833,56.52,87,100,12.17,overcast clouds
351,Zapolyarnyy,RU,69.4154,30.8136,0.68,97,100,3.04,overcast clouds
352,Asau,RO,46.4333,26.4,34.72,89,87,6.22,overcast clouds
353,Mehamn,NO,71.0357,27.8492,23.18,86,40,9.22,scattered clouds
354,Baherden,TM,38.4362,57.4316,50.02,36,0,7.27,clear sky
355,Gamba,GA,-2.65,10,78.6,84,45,5.1,scattered clouds
356,Mancheral,IN,18.8667,79.4333,71.6,35,8,2.89,clear sky
357,Newcastleton,GB,55.1796,-2.8127,50.29,96,100,10.92,overcast clouds
358,Ola,RU,59.5833,151.2833,9.68,81,100,10.74,overcast clouds
359,Isangel,VU,-19.55,169.2667,77.11,94,75,0,broken clouds
360,Dzaoudzi,YT,-12.7887,45.2699,80.49,89,100,11.5,overcast clouds
361,Bambous Virieux,MU,-20.3428,57.7575,80.22,94,75,27.63,light intensity shower rain
362,Miri,MY,4.4148,114.0089,77.14,94,40,0,scattered clouds
363,San Ramon,US,37.7799,-121.978,57.69,30,0,5.99,clear sky
364,Morondava,MG,-20.2833,44.2833,83.57,78,64,9.1,broken clouds
365,Ginir,ET,7.1333,40.7,67.01,25,93,8.75,overcast clouds
366,Longkou,CN,37.6508,120.3286,30.85,51,19,2.84,few clouds
367,Curuguaty,PY,-24.4694,-55.6945,99.61,25,23,5.55,few clouds
368,Poum,NC,-20.2333,164.0167,79.57,77,0,11.95,clear sky
369,Figeac,FR,44.75,1.9167,43.18,97,54,2.64,broken clouds
370,Codajas,BR,-3.8367,-62.0569,79.86,90,99,2.1,light rain
371,Vrangel,RU,42.7297,133.0839,16.72,60,7,12.57,clear sky
372,Alamor,EC,-4.0181,-80.0197,70.84,65,38,4.45,scattered clouds
373,Abadan,IR,30.3392,48.3043,53.55,82,0,4.61,clear sky
374,Sao Gabriel,BR,-30.3364,-54.32,101.32,17,13,3.6,few clouds
375,Yarmouth,US,41.7057,-70.2286,45.45,94,100,3.44,mist
376,Ruzomberok,SK,49.0748,19.3075,35.42,99,100,5.44,light snow
377,Sebastian,US,35.1668,-94.2669,36.9,82,100,5.77,overcast clouds
378,Leningradskiy,RU,69.3833,178.4167,-13.25,96,50,10.47,scattered clouds
379,Sept-Iles,CA,50.2001,-66.3821,25.32,91,100,4,snow
380,Bida,NG,9.0833,6.0167,84.72,12,58,2.08,broken clouds
381,Khandagayty,RU,50.7333,92.05,-14.26,83,90,2.53,overcast clouds
382,Dingle,PH,10.9995,122.6711,73.85,95,95,7.92,overcast clouds
383,Kishtwar,IN,33.3167,75.7667,35.55,95,99,1.52,overcast clouds
384,Ribeira Grande,PT,38.5167,-28.7,61.2,72,40,11.5,scattered clouds
385,Berlevag,NO,70.8578,29.0864,15.8,86,40,10.36,scattered clouds
386,Kampot,KH,10.6167,104.1833,73.45,74,25,5.88,scattered clouds
387,Karratha,AU,-20.7377,116.8463,81.64,73,100,12.64,overcast clouds
388,Takaka,NZ,-40.85,172.8,69.98,98,100,9.73,light rain
389,Robertsport,LR,6.7533,-11.3686,81.81,75,22,12.64,few clouds
390,Dubbo,AU,-32.25,148.6167,66.33,55,100,8.05,overcast clouds
391,Badou,TG,7.5833,0.6,78.6,19,16,1.61,few clouds
392,Houma,US,29.5958,-90.7195,73.99,100,100,11.5,mist
393,Hambantota,LK,6.1241,81.1185,73.74,94,20,3.44,few clouds
394,Paamiut,GL,61.994,-49.6678,3.63,74,20,10.27,few clouds
395,Wanlaweyn,SO,2.6185,44.8938,81.14,64,96,19.1,overcast clouds
396,Pakxan,LA,18.3778,103.6601,67.15,88,13,4.32,few clouds
397,Sukumo,JP,32.9333,132.7333,39.16,77,76,6.62,broken clouds
398,Ancud,CL,-41.8697,-73.8203,71.22,71,98,8.19,overcast clouds
399,Araouane,ML,18.9048,-3.5265,73.99,10,27,12.41,scattered clouds
400,Sanchursk,RU,56.9413,47.2499,21.33,93,100,10.67,overcast clouds
401,Kaa-Khem,RU,51.6833,94.7333,-16.74,96,94,1.97,overcast clouds
402,Gravatai,BR,-29.9444,-50.9919,96.87,44,20,9.22,few clouds
403,Kahului,US,20.8947,-156.47,69.67,75,20,5.75,few clouds
404,Bluefields,NI,12.0137,-83.7635,84.27,70,75,6.91,broken clouds
405,Cairns,AU,-16.9167,145.7667,80.06,94,75,1.14,broken clouds
406,Buturlino,RU,55.5667,44.8974,6.62,99,82,4.97,broken clouds
407,Mackay,AU,-21.15,149.2,79.68,89,40,4.61,scattered clouds
408,West Wendover,US,40.7391,-114.0733,26.24,39,3,15.21,clear sky
409,Te Anau,NZ,-45.4167,167.7167,58.37,96,100,3.91,overcast clouds
410,Vostok,RU,46.4856,135.8833,-4.81,99,100,3.62,overcast clouds
411,San Clemente,US,33.427,-117.612,64.63,26,0,4,clear sky
412,Koubia,GN,11.5833,-11.9,76.03,12,59,3.62,broken clouds
413,Lake Station,US,41.575,-87.2389,28.58,96,100,4,snow
414,Presidencia Roque Saenz Pena,AR,-26.7852,-60.4388,109.08,13,22,8.25,few clouds
415,Katherine,AU,-14.4667,132.2667,77.32,94,98,6.91,overcast clouds
416,Alta Floresta,BR,-9.8756,-56.0861,91.22,58,20,3.44,few clouds
417,Dunedin,NZ,-45.8742,170.5036,58.05,96,100,12.86,light rain
418,Nova Prata,BR,-28.7839,-51.61,92.28,23,0,2.66,clear sky
419,Onguday,RU,50.75,86.15,-6.5,99,61,2.3,broken clouds
420,Vestmannaeyjar,IS,63.4427,-20.2734,29.39,100,75,11.5,broken clouds
421,Chimbote,PE,-9.0853,-78.5783,76.8,66,100,13.06,overcast clouds
422,Warwick,US,41.7001,-71.4162,47.3,84,100,2.77,overcast clouds
423,Husavik,IS,66.0449,-17.3389,26.51,90,99,4.52,overcast clouds
424,Grindavik,IS,63.8424,-22.4338,28.87,64,75,11.5,light snow
425,Fuling,CN,29.7022,107.3919,41.88,87,100,0.94,light rain
426,Middletown,US,39.5151,-84.3983,44.71,91,100,12.66,moderate rain
427,Cockburn Town,TC,21.4612,-71.1419,73.36,83,75,13.8,broken clouds
428,Harper,LR,4.375,-7.7169,80.04,76,100,9.62,overcast clouds
429,Umm Lajj,SA,25.0213,37.2685,70.21,47,0,3.4,clear sky
430,Vallenar,CL,-28.5708,-70.7581,84.25,28,0,11.81,clear sky
431,South Venice,US,27.0531,-82.4243,81.99,44,0,16.11,clear sky
432,Owando,CG,-0.4819,15.8999,80.26,55,100,2.86,overcast clouds
433,Dibulla,CO,11.2725,-73.3091,91.42,50,29,11.65,scattered clouds
434,Punganuru,IN,13.3667,78.5833,62.73,77,10,3.38,clear sky
435,Santa Cruz,BO,-17.8,-63.1667,93.25,55,40,14.97,scattered clouds
436,Iquitos,PE,-3.7481,-73.2472,84.24,79,75,2.3,broken clouds
437,Ternate,ID,0.8,127.4,78.19,82,99,5.73,overcast clouds
438,Merrill,US,45.1805,-89.6835,9.1,56,0,10.36,clear sky
439,Niono,ML,14.2526,-5.993,78.55,13,0,11.83,clear sky
440,Teeli,RU,51.0333,90.2333,-13.97,93,98,0.83,overcast clouds
441,Canoa,DO,18.355,-71.1585,87.51,55,20,11.5,few clouds
442,Nhulunbuy,AU,-12.2333,136.7667,81.21,83,100,10.36,overcast clouds
443,Bentiu,SS,9.2333,29.8333,81.01,20,100,4.41,overcast clouds
444,Bogorodskoye,RU,56.55,37.8833,26.1,91,100,5.73,overcast clouds
445,Lermontovka,RU,47.1453,134.3383,-12.15,100,93,1.57,overcast clouds
446,Zhezkazgan,KZ,47.8043,67.7144,2.95,89,24,6.15,few clouds
447,Sistranda,NO,63.7256,8.834,30.16,55,100,14.38,overcast clouds
448,Luang Prabang,LA,19.8856,102.1347,64.26,93,7,1.63,clear sky
449,Kyabe,TD,9.4515,18.9449,80.83,15,68,5.37,broken clouds
450,Camalu,MX,30.85,-116.0667,62.42,42,0,4.12,clear sky
451,Prado,BR,-17.3411,-39.2208,82.11,73,100,10.07,overcast clouds
452,Lorengau,PG,-2.0226,147.2712,79.68,80,100,11.45,moderate rain
453,Mbaiki,CF,3.8678,17.9892,76.32,22,58,2.91,broken clouds
454,Lakes Entrance,AU,-37.8811,147.981,53.58,80,0,9.46,clear sky
455,Raymondville,US,26.4815,-97.7831,81.37,53,46,17.13,scattered clouds
456,Hays,US,30.0502,-98.0336,61.68,81,100,1.01,overcast clouds
457,Borskoye,RU,53.0333,51.7167,28.89,92,100,12.28,snow
458,Saint-Augustin,CA,51.226,-58.6502,24.22,83,100,23.8,overcast clouds
459,Nouadhibou,MR,20.931,-17.0347,80.58,36,5,14.97,dust
460,Udala,ES,43.0778,-2.5125,50.47,91,2,3.74,clear sky
461,Bataipora,BR,-22.2953,-53.2711,81.14,70,60,8.05,broken clouds
462,Ambatondrazaka,MG,-17.8333,48.4167,67.21,91,100,3.94,overcast clouds
463,Ulladulla,AU,-35.35,150.4667,63.88,70,89,12.75,overcast clouds
464,Huarmey,PE,-10.0681,-78.1522,77.38,67,31,13.69,scattered clouds
465,La Huerta,MX,19.4667,-104.65,73.89,17,0,6.08,clear sky
466,Gorahun,SL,7.4661,-11.2375,82.22,51,78,7.56,broken clouds
467,Port-Cartier,CA,50.0334,-66.8654,25.02,95,100,11.12,light snow
468,Kholodnyy,RU,62.7167,147.95,-20.16,99,100,3.04,overcast clouds
469,Panguna,PG,-6.3164,155.4848,69.55,94,100,1.23,overcast clouds
470,Ocos,GT,14.5094,-92.1933,89.73,60,0,10.98,clear sky
471,Tari,NG,12.4086,4.4914,73.2,8,12,9.46,few clouds
472,Cayhagan,PH,9.6697,122.4256,75.7,84,67,9.26,broken clouds
473,Key West,US,24.5557,-81.7826,82.4,65,40,14.97,scattered clouds
474,Belchertown,US,42.277,-72.4009,45.91,64,100,1.01,overcast clouds
475,Lerwick,GB,60.1545,-1.1494,46.4,95,100,9.13,overcast clouds
476,Bandarbeyla,SO,9.4942,50.8122,75.94,72,48,19.37,scattered clouds
477,Altukhovo,RU,52.67,34.36,25.07,96,100,6.04,overcast clouds
478,Porto Torres,IT,40.835,8.3972,53.1,89,0,7.43,clear sky
479,Qiyang,CN,26.5911,111.8474,34.95,96,100,2.48,light snow
480,Andilamena,MG,-17.0167,48.5833,66.13,91,98,0.92,light rain
481,Pringsewu,ID,-5.3582,104.9744,73.45,93,97,0.18,overcast clouds
482,Lixourion,GR,38.2019,20.4314,48.2,87,75,10.36,broken clouds
483,Thaba-Tseka,LS,-29.522,28.6084,61.9,55,13,5.1,few clouds
484,Huilong,CN,31.8111,121.655,40.03,72,100,7.78,light rain
485,Urusha,RU,54.05,122.9,-14.26,91,20,4,few clouds
486,Shasta Lake,US,40.6804,-122.3708,51.53,39,67,1.01,broken clouds
487,Jalu,LY,29.0331,21.5482,54.07,54,7,14.88,clear sky
488,Dakar,SN,14.6937,-17.4441,97.68,19,96,9.22,overcast clouds
489,Mejorada Del Campo,ES,40.3928,-3.4819,61.27,53,0,0,clear sky
490,Tucurui,BR,-3.7661,-49.6725,83.64,77,31,4.47,scattered clouds
491,Gogrial,SS,8.5332,28.1004,80.38,20,72,2.44,broken clouds
492,Manali,IN,13.1667,80.2667,78.08,74,14,6.24,few clouds
493,Rio Tuba,PH,8.5061,117.4317,79.32,82,29,12.77,scattered clouds
494,Jian,CN,27.1172,114.9793,38.12,93,100,5.53,overcast clouds
495,Mezen,RU,65.8522,44.24,11.39,97,100,4.36,overcast clouds
496,Malakal,SS,9.5334,31.6605,82.13,23,100,4.88,overcast clouds
497,Waddan,LY,29.1614,16.139,49.96,60,24,15.59,few clouds
498,Maceio,BR,-9.6658,-35.7353,89.04,58,40,16.11,scattered clouds
499,Guhagar,IN,17.4842,73.1929,68.11,78,5,3.06,clear sky
500,Anzhero-Sudzhensk,RU,56.081,86.0285,19.06,100,96,3.85,overcast clouds
501,Trincomalee,LK,8.5711,81.2335,77.43,69,6,9.42,clear sky
502,Sibolga,ID,1.7427,98.7792,77.68,80,100,3.18,overcast clouds
503,Ypsonas,CY,34.6884,32.9574,60.28,67,75,8.05,broken clouds
504,Manzhouli,CN,49.6,117.4333,-15.57,95,22,6.58,few clouds
505,Sharjah,AE,25.3573,55.4033,69.78,55,0,3.44,clear sky
506,Tuy Hoa,VN,13.0833,109.3,73.18,93,96,6.06,overcast clouds
507,Kearney,US,40.6995,-99.0815,13.12,44,0,20.71,clear sky
508,Mahibadhoo,MV,3.7833,72.9667,82.4,71,9,11.07,clear sky
509,Coari,BR,-4.085,-63.1414,83.16,82,93,4.07,overcast clouds
510,Henties Bay,NA,-22.116,14.2845,70.86,80,82,5.97,broken clouds
511,Los Andes,CL,-32.8337,-70.5983,84,34,8,9.93,clear sky
512,Chernenko,RU,44.365,39.3103,49.57,61,100,12.48,light rain
513,Am Timan,TD,11.0297,20.2827,78.96,16,9,6.26,clear sky
514,Alenquer,BR,-1.9417,-54.7383,86.34,59,85,5.97,overcast clouds
515,Vaitape,PF,-16.5167,-151.75,80.74,75,19,18.28,few clouds
516,Gasa,PS,31.5,34.4667,57.18,60,100,7.31,overcast clouds
517,Turukhansk,RU,65.8167,87.9833,1.38,91,99,8.14,overcast clouds
518,Namtsy,RU,62.7161,129.6658,-34.49,100,86,1.43,overcast clouds
519,Boyolangu,ID,-8.1181,111.8935,75.22,91,80,2.13,broken clouds
520,Sobolevo,RU,54.4299,31.8996,24.3,94,100,9.95,snow
521,Bay Roberts,CA,47.5999,-53.2648,31.66,70,2,3,clear sky
522,Petropavlovsk-Kamchatskiy,RU,53.0452,158.6483,25.39,100,75,2.24,light snow
523,Taszar,HU,46.3747,17.9059,42.58,67,39,20.51,scattered clouds
524,Panshi,CN,42.9422,126.0561,-7.13,98,11,2.91,few clouds
525,Duma,CN,34.7653,108.135,24.82,87,73,2.53,broken clouds
526,Bousso,TD,10.4795,16.7117,75.97,15,15,7.47,few clouds
527,Forbes,AU,-33.3833,148.0167,59.92,73,0,7.4,clear sky
528,Ellensburg,US,46.9965,-120.5479,30.24,79,100,0,overcast clouds
529,Xuddur,SO,4.1213,43.8894,81.95,35,100,13.38,overcast clouds
530,La Argentina,CO,2.1961,-75.98,74.79,57,97,3.04,overcast clouds
531,Luza,RU,60.6308,47.2512,23.58,95,100,7.9,snow
532,Waitati,NZ,-45.75,170.5667,59.34,97,100,9.46,light rain
533,Beringovskiy,RU,63.05,179.3167,-0.13,83,54,20.22,broken clouds
534,Sioux Lookout,CA,50.1001,-91.917,-9.02,58,40,11.5,scattered clouds
535,Ribeira Brava,PT,32.65,-17.0667,69.01,87,100,3.8,overcast clouds
536,Piacabucu,BR,-10.4056,-36.4344,84.69,62,11,12.55,few clouds
537,Korla,CN,41.7597,86.1469,23.77,57,16,4.72,few clouds
538,Ondangwa,NA,-17.9167,15.95,83.35,22,2,8.34,clear sky
539,Kobryn,BY,52.2138,24.3564,30.36,91,100,13.31,overcast clouds
540,Salinas,US,36.6777,-121.6555,60.12,25,0,10.36,clear sky
541,Talnakh,RU,69.4865,88.3972,1.2,98,96,6.53,overcast clouds
542,Ossora,RU,59.2353,163.0719,18.01,88,100,8.48,overcast clouds
543,Colinas,BR,-6.0258,-44.2492,86.07,67,100,1.54,overcast clouds
544,Monrovia,LR,6.3005,-10.7969,85.77,77,11,10.58,few clouds
545,Carros,FR,43.7894,7.184,55.31,63,0,2.3,clear sky
546,Santa Maria,BR,-29.6842,-53.8069,96.1,28,20,4.61,few clouds
547,Kayes,ML,14,-11,87.17,8,10,8.68,clear sky
548,Portales,US,34.1862,-103.3344,21.33,59,97,14.9,overcast clouds
549,Usinsk,RU,65.9939,57.5281,15.22,96,100,9.17,light snow
550,Challapata,BO,-18.9,-66.7667,56.5,53,91,5.82,overcast clouds
551,Bosaso,SO,11.2842,49.1816,74.8,72,13,5.84,few clouds
552,Sharlyk,RU,52.9167,54.75,21.61,99,100,7.56,overcast clouds
553,Iquique,CL,-20.2208,-70.1431,72.75,71,17,10.83,few clouds
554,Gujar Khan,PK,33.2558,73.3026,51.64,68,100,6.55,overcast clouds
555,Bud,US,39.447,-86.1758,44.69,97,100,1.83,moderate rain
556,Cap Malheureux,MU,-19.9842,57.6142,79.47,83,100,18.01,moderate rain
557,Moramanga,MG,-18.9333,48.2,65.7,91,96,5.99,overcast clouds
558,Hokitika,NZ,-42.7167,170.9667,66.07,98,100,17.25,overcast clouds
559,Tazovskiy,RU,67.4667,78.7,-15.02,99,100,7.58,overcast clouds
560,Muli,MV,2.9167,73.5667,82.36,71,13,11.1,few clouds
561,Anan,JP,33.9167,134.65,40.26,73,100,13.94,overcast clouds
562,Nuuk,GL,64.1835,-51.7216,9.21,52,75,12.66,broken clouds
563,Bhadravati,IN,13.8667,75.7167,66.4,87,0,3.44,clear sky
564,Khasan,RU,42.4308,130.6434,16.02,54,4,18.14,clear sky
565,Sandovo,RU,58.4602,36.4128,12.07,98,98,4.83,overcast clouds
566,Gornopravdinsk,RU,60.05,69.9,22.68,94,100,10.07,light snow
567,Kalmunai,LK,7.4167,81.8167,74.86,75,75,3.74,broken clouds
568,Mangochi,MW,-14.4782,35.2645,72.9,89,94,1.83,overcast clouds
569,Kastamonu,TR,41.5,33.6667,33.17,96,100,2.33,overcast clouds
570,Ucluelet,CA,48.9329,-125.5528,38.08,89,100,7.16,overcast clouds
571,Saint Anthony,US,45.0205,-93.218,7.9,58,0,7,clear sky
572,Herat,AF,34.5,62,38.34,58,0,4.59,clear sky
573,Qasigiannguit,GL,68.8193,-51.1922,1.65,70,29,11.9,scattered clouds
574,Sal Rei,CV,16.1833,-22.9167,75.76,73,20,21.85,haze
575,Atar,MR,20.5169,-13.0499,89.65,18,0,13.8,clear sky
576,Zhuhai,CN,22.2769,113.5678,57.97,87,40,13.8,scattered clouds
577,Moron,AR,-34.6534,-58.6198,94.8,39,14,7.16,few clouds
578,Champerico,GT,14.3,-91.9167,89.76,59,0,11.77,clear sky
579,Muros,ES,42.7762,-9.0603,59.5,64,100,3.65,overcast clouds
580,Shu,KZ,43.5983,73.7614,34.29,57,100,3.06,overcast clouds
581,San Jeronimo,PE,-11.9472,-75.2829,60.3,61,42,7.31,scattered clouds
582,Kiunga,PG,-6.1219,141.2906,70.09,93,100,1.23,overcast clouds
583,Mayor Pablo Lagerenza,PY,-19.9309,-60.7718,102.7,22,66,5.57,broken clouds
584,Ndungu,TZ,-4.3667,38.05,73.74,86,100,2.86,light rain
585,Vikhorevka,RU,56.1201,101.1636,-6.21,100,74,0.92,broken clouds
586,Hofn,IS,64.2539,-15.2082,23.02,86,40,6.91,scattered clouds
587,Stabat,ID,3.761,98.4513,78.26,97,99,1.83,overcast clouds
588,Mazagao,BR,-0.115,-51.2894,86.05,81,34,6.78,scattered clouds
589,Shuyskoye,RU,59.3736,41.0305,20.55,95,100,6.64,overcast clouds
590,Konevo,RU,62.1215,39.3192,10.53,98,98,1.19,overcast clouds
591,Olinda,BR,-8.0089,-34.8553,85.73,62,40,12.66,scattered clouds
592,Moose Factory,CA,51.2585,-80.6094,-0.4,55,0,12.66,clear sky
593,Payo,ID,-3.7508,103.6372,72.97,98,94,1.61,overcast clouds
594,Leshukonskoye,RU,64.8989,45.7622,7.57,99,96,2.59,overcast clouds
595,Ust-Maya,RU,60.4167,134.5333,-25.49,99,100,1.41,overcast clouds
596,Ambilobe,MG,-13.2,49.05,74.1,95,96,1.63,light rain
597,La Palma,US,33.8464,-118.0467,65.91,31,0,4,clear sky
598,Talagang,PK,32.9297,72.4158,51.35,63,100,12.3,overcast clouds
599,Kosh-Agach,RU,50,88.6667,-18.94,98,76,2.82,broken clouds
600,Mabaruma,GY,8.2,-59.7833,84.67,59,20,8.75,few clouds
601,Namatanai,PG,-3.6667,152.4333,77.88,84,100,7.18,light rain
602,Kaduna,NG,10.5222,7.4383,74.66,15,30,3.33,scattered clouds
603,Mossendjo,CG,-2.9506,12.7261,70.66,98,100,2.73,moderate rain
604,Ustrzyki Dolne,PL,49.4304,22.5938,30.99,100,100,6.53,snow
605,Thinadhoo,MV,0.5333,72.9333,82.81,70,20,8.05,few clouds
606,Spilimbergo,IT,46.1125,12.8969,46.51,72,20,5.75,few clouds
607,Obo,CF,5.3998,26.4869,79.09,24,37,2.91,scattered clouds
608,Surt,LY,31.2089,16.5887,56.98,66,57,24.87,broken clouds
609,Saint-Pierre,RE,-21.3393,55.4781,80.28,89,100,39.12,overcast clouds
610,Slave Lake,CA,55.2834,-114.769,-18.42,76,0,6.91,haze
611,Sao Joao Da Barra,BR,-21.6403,-41.0511,84.29,82,98,9.26,overcast clouds
612,Kontagora,NG,10.3999,5.4695,79.25,12,100,5.35,overcast clouds
613,Whitehorse,CA,60.7161,-135.0538,-8.63,77,100,9.22,light snow
614,Ransang,PH,8.9603,117.5828,77.45,85,10,1.05,clear sky
615,Berea,US,41.3662,-81.8543,41.23,87,100,3,light rain
616,Cabo San Lucas,MX,22.8909,-109.9124,79.61,43,15,1.99,few clouds
617,San Pedro De Macoris,DO,18.4616,-69.2972,87.93,63,25,6.82,scattered clouds
618,Nordborg,DK,55.0573,9.7408,39.85,81,92,6.91,overcast clouds
619,Milkovo,RU,54.7167,158.6167,22.77,85,100,11.77,overcast clouds
620,Sosnovka,RU,56.255,51.2842,23.79,96,100,6.2,snow
621,Bagdarin,RU,54.4333,113.6,-19.59,96,5,4.29,clear sky
622,Birobidzhan,RU,48.8,132.95,-16.33,97,69,3.15,broken clouds
623,Tual,ID,-5.6667,132.75,81.95,77,100,8.81,overcast clouds
624,Bitkine,TD,11.9801,18.2138,72.05,15,9,8.5,clear sky
625,Avallon,FR,47.4833,3.9,42.17,95,26,3.36,scattered clouds
626,Betera,ES,39.5833,-0.45,58.98,79,0,1.14,clear sky
627,Lenoir City,US,35.7973,-84.256,59.95,62,100,1.01,overcast clouds
628,Calabozo,VE,8.9242,-67.4293,92.35,34,99,5.77,overcast clouds
629,Clarksburg,US,39.2807,-80.3445,53.33,46,0,0,clear sky
630,Marawi,PH,7.9986,124.2928,66.65,91,100,0.87,overcast clouds
631,Yenagoa,NG,4.9247,6.2642,82.42,63,1,9.53,clear sky
632,Port Hedland,AU,-20.3167,118.5667,78.85,94,100,4.61,overcast clouds
633,Koumac,NC,-20.5667,164.2833,76.59,84,4,7.92,clear sky
634,Bull Savanna,JM,17.8868,-77.5902,81.86,56,0,13.76,clear sky
635,Coahuayana,MX,18.7333,-103.6833,85.48,32,0,6.73,clear sky
636,Uvat,RU,59.1433,68.8953,22.77,93,100,10.94,overcast clouds
637,Thongwa,MM,16.7619,96.5278,68.16,49,15,6.08,few clouds
638,San Quintin,MX,30.4833,-115.95,61.5,52,0,5.77,clear sky
639,Kasama,ZM,-10.2129,31.1808,63.79,96,100,7.05,moderate rain
640,Maku,IR,39.2911,44.4521,24.06,78,100,6.76,overcast clouds
641,Fare,PF,-16.7,-151.0167,80.73,72,13,18.57,few clouds
642,Strelka,RU,58.0728,93.0344,1.56,99,96,2.86,overcast clouds
643,Pangody,RU,65.85,74.4859,-10.12,98,96,11.39,overcast clouds
644,Itzehoe,DE,53.921,9.5153,39.47,84,67,6.08,broken clouds
645,Bandundu,CD,-3.3167,17.3667,74.25,91,100,2.73,light rain
646,Pervomayskoye,RU,43.919,46.7102,41.79,83,100,16.24,overcast clouds
647,Mongu,ZM,-15.2484,23.1274,73.62,73,100,3.29,overcast clouds
648,Sungaipenuh,ID,-2.0833,101.3833,64.85,96,90,2.95,overcast clouds
649,Suez,EG,29.9737,32.5263,59.2,51,84,2.59,broken clouds
650,Orlik,RU,52.5178,99.825,-19.21,97,81,2.42,broken clouds
651,Isla Mujeres,MX,21.2311,-86.731,84.25,80,5,14.99,clear sky
652,Beruwala,LK,6.4788,79.9828,78.04,74,42,2.1,scattered clouds
653,Taos,US,36.4072,-105.5731,28.98,81,100,4,mist
654,Rio Gallegos,AR,-51.6226,-69.2181,64.45,45,75,13.8,broken clouds
655,Nome,US,64.5011,-165.4064,10.47,61,0,31.07,clear sky
656,Naron,ES,43.5167,-8.1528,58.05,81,99,2.21,overcast clouds
657,Batagay-Alyta,RU,67.8006,130.4114,-23.98,100,68,2.66,broken clouds
658,Codrington,AU,-38.2667,141.9667,57.18,68,48,13.94,scattered clouds
659,Olga,RU,43.7444,135.2892,12.34,60,6,9.24,clear sky
660,Eydhafushi,MV,5.1033,73.0708,82.13,71,22,11.07,few clouds
661,Ewa Beach,US,21.3156,-158.0072,75.69,79,0,3,clear sky
662,Sao Filipe,CV,14.8961,-24.4956,74.84,71,11,18.68,few clouds
663,Dzerzhinsk,RU,56.2389,43.4631,19.22,92,40,4.47,scattered clouds
664,Kailua,US,21.4022,-157.7394,75.74,80,75,5.75,light rain
665,Aguas Vermelhas,BR,-15.7472,-41.46,76.17,88,100,3.69,overcast clouds
666,Powell River,CA,49.8496,-124.5361,39.2,75,100,13.8,overcast clouds
667,Naryan-Mar,RU,67.6713,53.087,7.68,96,100,8.39,overcast clouds
668,Belmonte,BR,-15.8631,-38.8828,86.5,69,100,9.37,overcast clouds
669,Lao Cai,VN,22.4833,103.95,54.39,90,100,1.66,overcast clouds
670,Baiyin,CN,36.5583,104.2081,14.88,65,70,2.71,broken clouds
671,Syracuse,IT,37.0881,15.2792,54.32,67,0,11.9,clear sky
672,Laela,TZ,-8.5667,32.05,62.1,95,100,2.44,light rain
673,Astoria,US,46.1879,-123.8313,43.93,94,100,0,mist
674,Dolinsk,RU,47.35,142.8,-9.54,93,40,5.3,scattered clouds
675,Hualmay,PE,-11.0964,-77.6139,76.39,67,5,12.64,clear sky
676,Kembe,CF,4.6228,21.8865,83.73,26,100,2.3,overcast clouds
677,Hay River,CA,60.8156,-115.7999,-14.82,70,20,3.44,light snow
678,Nkan,GA,0.3833,9.7833,77.32,86,47,3.91,scattered clouds
679,Balikpapan,ID,-1.2675,116.8289,74.95,91,100,6.29,overcast clouds
680,Tooele,US,40.5308,-112.2983,26.96,86,100,8.05,light snow
681,Santa Cruz Cabralia,BR,-16.2781,-39.0247,86.23,70,20,16.11,few clouds
682,Hun,LY,29.1268,15.9477,50.72,55,15,15.9,few clouds
683,Pontianak,ID,-0.0333,109.3333,76.98,94,75,2.3,mist
684,Mount Pleasant,US,32.7941,-79.8626,67.24,77,0,3,clear sky
685,Aldan,RU,58.6031,125.3894,-15.75,99,100,3.15,overcast clouds
686,Cururupu,BR,-1.8283,-44.8683,80.15,82,100,6.2,light rain
687,Gwanda,ZW,-20.9333,29,77.86,55,76,3.98,broken clouds
688,Benguela,AO,-12.5763,13.4055,75.78,71,85,7.14,overcast clouds
689,Madurai,IN,9.9333,78.1167,77.02,83,20,3.44,haze
690,Kathmandu,NP,27.7167,85.3167,44.82,93,40,2.3,mist
691,Noumea,NC,-22.2763,166.4572,69.78,83,86,9.71,overcast clouds
692,Tarbagatay,RU,51.4803,107.3602,-13.47,100,99,1.66,overcast clouds
693,Betsiamites,CA,48.9413,-68.646,34.2,91,100,18.19,overcast clouds
694,Hemsedal,NO,60.8629,8.5534,13.96,95,94,3.67,overcast clouds
695,Bonavista,CA,48.6499,-53.1147,30.11,70,19,14.58,few clouds